id	category	earned/points	failed_checks
M01	metrics	0.0/1.0	expect.aov,expect.net_revenue,expect.orders,expect.qty,expect.refund_amount
M02	metrics	0.0/1.0	expect.aov,expect.net_revenue,expect.orders,expect.qty,expect.refund_amount
M03	metrics	0.0/1.0	expect.aov,expect.net_revenue,expect.orders,expect.qty,expect.refund_amount
M04	metrics	0.0/1.0	expect.aov,expect.net_revenue,expect.orders,expect.qty
M06	metrics	0.0/1.0	expect_days
R01	retrieval	0.0/1.0	gold_all
R03	retrieval	0.0/1.0	gold_all
R04	retrieval	0.0/1.0	gold_all
R05	retrieval	0.0/1.0	gold_all
R08	retrieval	0.0/1.0	gold_all
R10	retrieval	0.0/1.0	gold_all
R11	retrieval	0.0/1.0	gold_all
R13	retrieval	0.0/1.0	gold_any
R15	retrieval	0.0/1.0	gold_all
D01	data	0.0/2.0	numbers_all,evidence_required
D02	data	0.0/2.0	numbers_all,evidence_required
D03	data	0.0/2.0	answer_type_in,numbers_all,evidence_required
D04	data	0.0/2.0	numbers_all,signed_delta,evidence_required
D05	data	0.0/2.0	answer_type_in,numbers_all,evidence_required
D06	data	0.0/2.0	answer_type_in,numbers_all,evidence_required
C01	doc	0.0/2.0	answer_type_in,fact_all,cite_all
C03	doc	0.0/2.0	answer_type_in,fact_any,cite_all
C04	doc	0.0/2.0	answer_type_in,fact_all,cite_all
C05	doc	0.0/2.0	answer_type_in,fact_any,cite_all
C06	doc	0.0/2.0	answer_type_in,fact_any,cite_all
C07	doc	0.0/2.0	answer_type_in,fact_all,fact_any,cite_all
C08	doc	0.0/2.0	answer_type_in,fact_all,cite_all
V01	version	0.0/2.0	numbers_none,cite_none
V02	version	0.0/2.0	answer_type_in,fact_all,cite_all
V03	version	0.0/2.0	answer_type_in,fact_all,cite_all
H01	hybrid	0.0/3.0	answer_type_in,numbers_any,fact_any,cite_any,evidence_required
H02	hybrid	0.0/3.0	answer_type_in,numbers_all,fact_all,text_any,cite_all,evidence_required
H03	hybrid	0.0/3.0	answer_type_in,numbers_all,fact_all,text_any,cite_all,evidence_required
H04	hybrid	0.0/3.0	answer_type_in,fact_all,fact_any,cite_all
H05	hybrid	0.0/3.0	answer_type_in,numbers_all,fact_any,cite_any,evidence_required
H06	hybrid	0.0/3.0	numbers_all,text_any,evidence_required
T01	multi_turn	0.0/3.0	answer_type_in,numbers_all,evidence_required
T02	multi_turn	1.0/3.0	answer_type_in,fact_any,cite_all,fact_all
T03	multi_turn	1.5/3.0	answer_type_in,fact_all,cite_all
S01	safety	0.0/3.0	answer_type_in,fact_all,fact_any,cite_all
N01	health	0.0/1.0	expect.kb_docs,expect.valid_sales_rows
